city,city_ascii,lat,lng,country,population
Tokyo,Tokyo,35.6897,139.6922,Japan,37977000
Ōsaka,Osaka,34.6936,135.5019,Japan,14977000
Nagoya,Nagoya,35.1167,136.9333,Japan,9113000
Yokohama,Yokohama,35.4333,139.6333,Japan,3748781
Fukuoka,Fukuoka,33.5903,130.4019,Japan,2128000
Sapporo,Sapporo,43.0621,141.3544,Japan,1958756
Kyōto,Kyoto,35.0111,135.7669,Japan,1805000
Kōbe,Kobe,34.6913,135.183,Japan,1522944
Kawanakajima,Kawanakajima,35.53,139.705,Japan,1437266
Saitama,Saitama,35.8617,139.6453,Japan,1307931
Hiroshima,Hiroshima,34.3853,132.4553,Japan,1306589
Sendai,Sendai,38.2683,140.8694,Japan,1058070
Kitaku,Kitaku,33.8704,130.82,Japan,997536
Chiba,Chiba,35.6,140.1,Japan,980203
Niigata,Niigata,37.9161,139.0364,Japan,796500
Hamamatsu,Hamamatsu,34.7167,137.7333,Japan,791770
Kumamoto,Kumamoto,32.8031,130.7078,Japan,739393
Sagamihara,Sagamihara,35.5667,139.3667,Japan,722828
Okayama,Okayama,34.65,133.9167,Japan,720865
Shizuoka,Shizuoka,34.9756,138.3825,Japan,691185
Honchō,Honcho,35.6947,139.9825,Japan,639107
Kawaguchi,Kawaguchi,35.8078,139.7242,Japan,592373
Kagoshima,Kagoshima,31.58,130.5281,Japan,595319
Hachiōji,Hachioji,35.6667,139.3167,Japan,577560
Utsunomiya,Utsunomiya,36.55,139.8833,Japan,519255
Matsuyama,Matsuyama,33.8333,132.7667,Japan,509139
Ichikawa,Ichikawa,35.7219,139.9311,Japan,495592
Higashi-ōsaka,Higashi-osaka,34.6794,135.6008,Japan,494640
Matsudo,Matsudo,35.7878,139.9031,Japan,492671
Nishinomiya-hama,Nishinomiya-hama,34.7333,135.3333,Japan,487413
Ōita,Oita,33.2333,131.6067,Japan,477701
Kanazawa,Kanazawa,36.5667,136.65,Japan,463873
Fukuyama,Fukuyama,34.4858,133.3625,Japan,462203
Machida,Machida,35.5486,139.4467,Japan,434407
Kashiwa,Kashiwa,35.8544,139.9689,Japan,429070
Toyota,Toyota,35.0833,137.1567,Japan,426477
Takamatsu,Takamatsu,34.35,134.05,Japan,418772
Toyama,Toyama,36.7,137.22,Japan,415816
Nagasaki,Nagasaki,32.7833,129.8667,Japan,411421
Gifu,Gifu,35.4167,136.7667,Japan,401534
Miyazaki,Miyazaki,31.9167,131.4167,Japan,398307
Minamisuita,Minamisuita,34.7667,135.5167,Japan,381829
Okazaki,Okazaki,34.95,137.1667,Japan,387294
Ichinomiya,Ichinomiya,35.3039,136.8031,Japan,379689
Toyohashi,Toyohashi,34.7667,137.3833,Japan,373234
Nagano,Nagano,36.6486,138.1928,Japan,370057
Wakayama,Wakayama,34.2333,135.1667,Japan,355825
Nara,Nara,34.6833,135.7833,Japan,353989
Koshigaya,Koshigaya,35.8911,139.7908,Japan,345458
Tokorozawa,Tokorozawa,35.7994,139.4689,Japan,341409
Ōtsu,Otsu,35.0167,135.85,Japan,342175
Kawagoe,Kawagoe,35.9177,139.4911,Japan,337931
Tamuramachi-moriyama,Tamuramachi-moriyama,37.41,140.38,Japan,340560
Iwaki,Iwaki,37.0333,140.8833,Japan,340231
Asahikawa,Asahikawa,43.7706,142.365,Japan,334692
Maebashi,Maebashi,36.3833,139.0667,Japan,332999
Kōchi,Kochi,33.5667,133.5333,Japan,328930
Naha,Naha,26.2122,127.6789,Japan,317606
Yokkaichi,Yokkaichi,34.9667,136.6167,Japan,310145
Kasugai,Kasugai,35.25,136.9667,Japan,306876
Akita,Akita,39.7197,140.1025,Japan,306178
Ōakashichō,Oakashicho,34.6431,134.9975,Japan,299094
Morioka,Morioka,39.6833,141.15,Japan,292554
Fukushima,Fukushima,37.7608,140.4733,Japan,286742
Aomori,Aomori,40.8222,140.7475,Japan,276567
Tsu,Tsu,34.7186,136.5056,Japan,275371
Fuchū,Fuchu,35.6689,139.4778,Japan,263932
Ichihara,Ichihara,35.4981,140.1156,Japan,270478
Mito,Mito,36.3667,140.4667,Japan,269661
Yao,Yao,34.6269,135.6008,Japan,266386
Kakogawachō-honmachi,Kakogawacho-honmachi,34.7569,134.8414,Japan,262308
Fukui,Fukui,36.0641,136.2196,Japan,262530
Hiratsuka,Hiratsuka,35.3231,139.3422,Japan,257729
Sōka,Soka,35.8256,139.8056,Japan,250939
Shinozaki,Shinozaki,33.95,130.9333,Japan,257038
Hakodate,Hakodate,41.7733,140.7261,Japan,256222
Tokushima,Tokushima,34.0667,134.55,Japan,255167
Chōfugaoka,Chofugaoka,35.6506,139.5408,Japan,239650
Yamagata,Yamagata,38.25,140.3333,Japan,249327
Chigasaki,Chigasaki,35.3339,139.4047,Japan,241887
Yato,Yato,35.4693,139.4616,Japan,237445
Fuji,Fuji,35.1614,138.6764,Japan,245078
Tsukuba-kenkyūgakuen-toshi,Tsukuba-kenkyugakuen-toshi,36.0333,140.0667,Japan,240987
Hachimanchō,Hachimancho,40.51,141.54,Japan,239046
Neya,Neya,34.7661,135.6281,Japan,229974
Sato,Sato,33.1631,129.7177,Japan,237444
Saga,Saga,33.2667,130.3,Japan,233514
Kasukabe,Kasukabe,35.9753,139.7525,Japan,229932
Ageoshimo,Ageoshimo,35.9775,139.5933,Japan,225907
Sakurazuka,Sakurazuka,34.8,135.3603,Japan,225008
Atsugichō,Atsugicho,35.4333,139.3667,Japan,224677
Minamiōzuma,Minamiozuma,36.2404,137.97,Japan,224926
Kure,Kure,34.2492,132.5658,Japan,218351
Itami,Itami,34.7867,135.4056,Japan,198395
Kamirenjaku,Kamirenjaku,35.6833,139.5594,Japan,192489
Matsue,Matsue,35.4681,133.0486,Japan,203565
Yachiyo,Yachiyo,35.7225,140.0997,Japan,197792
Nagareyama,Nagareyama,35.8561,139.9025,Japan,193976
Ashino,Ashino,42.975,144.3747,Japan,198566
Hino,Hino,35.6714,139.395,Japan,189945
Suzuka,Suzuka,34.8822,136.5842,Japan,195762
Kumagaya,Kumagaya,36.1472,139.3886,Japan,194959
Higashi-Hiroshima,Higashi-Hiroshima,34.4167,132.7333,Japan,195805
Naka,Naka,37.4504,138.86,Japan,195318
Yamaguchi,Yamaguchi,34.1781,131.4739,Japan,194990
Kawara,Kawara,35.2647,139.1522,Japan,190109
Anjōmachi,Anjomachi,34.9667,137.0833,Japan,188181
Jōetsu,Joetsu,37.15,138.2333,Japan,189881
Kōfu,Kofu,35.6667,138.5667,Japan,188406
Tottori,Tottori,35.5011,134.235,Japan,188740
Tachikawa,Tachikawa,35.6939,139.4194,Japan,180880
Izuo,Izuo,34.4836,135.4236,Japan,185208
Toyokawa,Toyokawa,34.8268,137.3759,Japan,183823
Uji,Uji,34.8808,135.7794,Japan,180975
Narashino,Narashino,35.6808,140.0267,Japan,173716
Hitachi,Hitachi,36.6,140.65,Japan,176069
Kamakurayama,Kamakurayama,35.3197,139.5525,Japan,172262
Ōbiraki,Obiraki,40.57,140.47,Japan,174972
Takaoka,Takaoka,42.6504,141.55,Japan,174806
Beppuchō,Beppucho,42.9304,143.17,Japan,173890
Izumo,Izumo,35.3681,132.755,Japan,172784
Sakura,Sakura,35.7239,140.2239,Japan,170906
Niiza,Niiza,35.7933,139.5653,Japan,164083
Nishio,Nishio,34.8667,137.0667,Japan,169926
Oyama,Oyama,36.3147,139.8003,Japan,167633
Takaoka,Takaoka,36.75,137.0333,Japan,167800
Iwata,Iwata,34.7178,137.8514,Japan,166393
Ube,Ube,33.9517,131.2467,Japan,164325
Matsuzaka,Matsuzaka,34.5781,136.5275,Japan,160080
Ōgaki,Ogaki,35.3594,136.6128,Japan,158911
Higashi-murayama,Higashi-murayama,35.7547,139.4686,Japan,150186
Hitachi-Naka,Hitachi-Naka,36.3964,140.5344,Japan,155680
Daiwanishi,Daiwanishi,34.83,135.4172,Japan,153597
Kariya,Kariya,34.9833,137,Japan,153190
Tochigi,Tochigi,36.3824,139.7341,Japan,155714
Tama,Tama,35.6333,139.45,Japan,147832
Ueda,Ueda,36.4019,138.2492,Japan,154201
Noda,Noda,35.955,139.8747,Japan,152652
Kukichūō,Kukichuo,36.0622,139.6669,Japan,151106
Sayama,Sayama,35.8531,139.4122,Japan,149423
Imabari,Imabari,34.0661,132.9978,Japan,151956
Komaki,Komaki,35.2833,136.9167,Japan,148709
Iruma,Iruma,35.8358,139.3911,Japan,146802
Shimotoda,Shimotoda,35.8175,139.6778,Japan,141724
Yonago,Yonago,35.4281,133.3311,Japan,147667
Misato,Misato,35.8303,139.8725,Japan,141514
Kakamigahara,Kakamigahara,35.3989,136.8486,Japan,144335
Kusatsu,Kusatsu,35.0167,135.9667,Japan,141928
Fukayachō,Fukayacho,36.2,139.2833,Japan,141966
Ishizaki,Ishizaki,38.4281,141.3061,Japan,141293
Kuwana,Kuwana,35.0622,136.6839,Japan,139587
Koga,Koga,36.1833,139.7,Japan,139274
Tsuchiura,Tsuchiura,36.0667,140.2,Japan,138517
Kokubunji,Kokubunji,35.7108,139.4622,Japan,127790
Zama,Zama,35.4886,139.4075,Japan,130608
Yaizu,Yaizu,34.8667,138.3167,Japan,136807
Inazawa,Inazawa,35.25,136.7833,Japan,135676
Kisarazu,Kisarazu,35.3761,139.9169,Japan,135765
Ōme,Ome,35.7883,139.275,Japan,133824
Isahaya,Isahaya,32.8442,130.0536,Japan,134503
Abiko,Abiko,35.8642,140.0282,Japan,131026
Onomichi,Onomichi,34.4089,133.205,Japan,132675
Narita,Narita,35.7833,140.3167,Japan,132293
Iwakuni,Iwakuni,34.1669,132.2197,Japan,130372
Kadoma,Kadoma,34.7333,135.5833,Japan,119692
Ōmiyachō,Omiyacho,35.2222,138.6214,Japan,128501
Seto,Seto,35.2167,137.0833,Japan,127653
Iizuka,Iizuka,33.6458,130.6914,Japan,126715
Daitōchō,Daitocho,34.7119,135.6233,Japan,119986
Honchō,Honcho,35.7581,139.5297,Japan,116482
Ise,Ise,34.4833,136.7167,Japan,123783
Honmachi,Honmachi,32.5178,130.6181,Japan,123758
Tsuruoka,Tsuruoka,38.7217,139.8217,Japan,123437
Yonashiro-teruma,Yonashiro-teruma,26.3792,127.8575,Japan,121294
Kashiwara,Kashiwara,34.5094,135.7925,Japan,122003
Handa,Handa,34.8992,136.9267,Japan,118145
Fujimino,Fujimino,35.8794,139.5197,Japan,112689
Ebetsu,Ebetsu,43.1039,141.5361,Japan,119509
Nobeoka,Nobeoka,32.5822,131.665,Japan,119309
Beppu,Beppu,33.2847,131.4911,Japan,118499
Kōnosu,Konosu,36.0658,139.5222,Japan,117373
Ikoma,Ikoma,34.6919,135.7006,Japan,116816
Akishima,Akishima,35.7056,139.3536,Japan,112005
Kōenchō,Koencho,43.8081,143.8942,Japan,116848
Niihama,Niihama,33.9603,133.2834,Japan,116392
Nasushiobara,Nasushiobara,36.9617,140.0461,Japan,116043
Shibuya,Shibuya,35.6536,139.7092,Japan,102056
Sano,Sano,36.3144,139.5783,Japan,115784
Otaru,Otaru,43.1833,141,Japan,114947
Nagahama,Nagahama,35.3833,136.2833,Japan,115069
Hatsukaichi,Hatsukaichi,34.3486,132.3317,Japan,114975
Hōfu,Hofu,34.05,131.5667,Japan,114256
Kamagaya,Kamagaya,35.7769,140.0008,Japan,109525
Hikone,Hikone,35.2744,136.2597,Japan,113818
Ōshū,Oshu,39.1444,141.1389,Japan,114246
Habikino,Habikino,34.5578,135.6061,Japan,109553
Higashiōmi,Higashiomi,35.1128,136.2078,Japan,113165
Tondabayashichō,Tondabayashicho,34.4992,135.5972,Japan,110132
Kazo,Kazo,36.1314,139.6019,Japan,110921
Sandachō,Sandacho,34.8894,135.2253,Japan,110820
Shirayamamachi,Shirayamamachi,36.5144,136.5656,Japan,110188
Mineshita,Mineshita,35.1186,138.9186,Japan,108118
Ikeda,Ikeda,34.8167,135.4333,Japan,104169
Tajimi,Tajimi,35.3328,137.1322,Japan,107535
Toride,Toride,35.9114,140.0503,Japan,104667
Saijō,Saijo,33.9196,133.1812,Japan,105020
Sakado,Sakado,35.9572,139.4031,Japan,101531
Isehara,Isehara,35.4028,139.315,Japan,102137
Ginowan,Ginowan,26.2817,127.7783,Japan,98093
Inzai,Inzai,35.8322,140.1458,Japan,100907
Chikusei,Chikusei,36.3072,139.9831,Japan,100816
Kani,Kani,35.4258,137.0611,Japan,100031
Kōnan,Konan,35.3333,136.8667,Japan,97893
Sakata,Sakata,38.9144,139.8364,Japan,100916
Tsuyama,Tsuyama,35.1406,134.0319,Japan,100387
Yashio,Yashio,35.8228,139.8392,Japan,92672
Yotsukaidō,Yotsukaido,35.67,140.1683,Japan,92668
Ōbu,Obu,35.0167,136.9667,Japan,92101
Nisshin,Nisshin,35.1333,137.0333,Japan,91514
Takasagochō-takasemachi,Takasagocho-takasemachi,34.7658,134.7906,Japan,88223
Kitanagoya,Kitanagoya,35.25,136.8667,Japan,85899
Higashiyamato,Higashiyamato,35.7456,139.4267,Japan,84223
Owariasahi,Owariasahi,35.2167,137.0333,Japan,81914
Nagaoka,Nagaoka,34.9267,135.6956,Japan,80514
Kunitachi,Kunitachi,35.6839,139.4414,Japan,75156
Shinkai,Shinkai,35.8367,139.5803,Japan,75265
Chiryū,Chiryu,35,137.1167,Japan,72166
Musashimurayama,Musashimurayama,35.7547,139.3875,Japan,71579
Kiyosu,Kiyosu,35.2,136.85,Japan,69680
Hekinan,Hekinan,34.8833,137,Japan,72875
Tsurugashima,Tsurugashima,35.9344,139.3931,Japan,70076
Yoshikawa,Yoshikawa,35.8911,139.8414,Japan,71763
Yawata-shimizui,Yawata-shimizui,34.8756,135.7078,Japan,70931
Toyoake,Toyoake,35.0625,137.0089,Japan,69448
Fujiidera,Fujiidera,34.5747,135.5975,Japan,63814
Kitamoto,Kitamoto,36.0269,139.53,Japan,65478
Tomigusuku,Tomigusuku,26.1772,127.6811,Japan,63700
Tsushima,Tsushima,35.1833,136.7333,Japan,61732
Mukōchō,Mukocho,34.9486,135.6983,Japan,56415
Hasuda,Hasuda,35.9942,139.6622,Japan,61507
Sayama,Sayama,34.5036,135.5556,Japan,58746
Fussa,Fussa,35.7386,139.3267,Japan,57527
Koja,Koja,26.3643,127.8328,Japan,58658
Hamura,Hamura,35.7672,139.3111,Japan,54874
Zushi,Zushi,35.2956,139.5803,Japan,56936
Shiraoka,Shiraoka,36.0189,139.6769,Japan,52094
Iwakura,Iwakura,35.2833,136.8667,Japan,47839
Takahama,Takahama,34.9276,136.9877,Japan,48561
Suzukawa,Suzukawa,35.3731,139.3842,Japan,48379
Kasuga,Kasuga,33.6108,130.4806,Japan,47554
Inuma,Inuma,36,139.6239,Japan,44977
Nakama,Nakama,33.8167,130.709,Japan,40003
Miyoshidai,Miyoshidai,35.8283,139.5267,Japan,38393
Kanie,Kanie,35.1322,136.7869,Japan,37048
Nishihara,Nishihara,26.2261,127.7656,Japan,34741
Minamishiro,Minamishiro,36.0225,139.7228,Japan,34133
Kaita,Kaita,34.3722,132.5361,Japan,29431
Ninomiya,Ninomiya,35.2994,139.2553,Japan,27744
Kizuki,Kizuki,33.85,130.7,Japan,28002
Chatan,Chatan,26.32,127.7639,Japan,28270
Nangō,Nango,34.6003,135.6956,Japan,23315
Kanmaki,Kanmaki,34.5628,135.7167,Japan,21318
Kasamatsuchō,Kasamatsucho,35.3672,136.7633,Japan,22513
Yonabaru,Yonabaru,26.1994,127.7547,Japan,19494
Kitagata,Kitagata,35.4369,136.6861,Japan,18271
Tadaoka-higashi,Tadaoka-higashi,34.4869,135.4011,Japan,16840
Kawachichō,Kawachicho,34.5783,135.7367,Japan,17216
Yamazaki,Yamazaki,34.9028,135.6886,Japan,15704
Saku,Saku,36.2489,138.4769,Japan,98609
Iida,Iida,35.5147,137.8219,Japan,98129
Fukata,Fukata,33.8056,130.5406,Japan,96886
Kamisu,Kamisu,35.89,140.6647,Japan,95370
Kanuma,Kanuma,36.5672,139.745,Japan,95812
Ōmura,Omura,32.9,129.9583,Japan,95062
Azumino,Azumino,36.3028,137.8997,Japan,94463
Hanamaki Onsen,Hanamaki Onsen,39.3886,141.1167,Japan,94007
Higashi-Matsuyama,Higashi-Matsuyama,36.0422,139.4,Japan,92302
Kitakami,Kitakami,39.2867,141.1131,Japan,92447
Mihara,Mihara,34.4581,133.0039,Japan,91604
Imizuchō,Imizucho,36.7125,137.0994,Japan,90877
Takagi,Takagi,36.1669,136.2317,Japan,88795
Mobara,Mobara,35.4283,140.2881,Japan,87450
Fukuroi,Fukuroi,34.7503,137.925,Japan,87064
Gotenba,Gotenba,35.3086,138.935,Japan,87078
Sekimachi,Sekimachi,35.4958,136.9178,Japan,86698
Kitakōriyamachō,Kitakoriyamacho,34.6494,135.7828,Japan,84820
Yokotemachi,Yokotemachi,39.3106,140.5533,Japan,86499
Ushiku,Ushiku,35.9833,140.15,Japan,84637
Chita,Chita,35,136.8667,Japan,83946
Muroran,Muroran,42.3153,140.9736,Japan,83287
Moriyama,Moriyama,35.0589,135.9944,Japan,82526
Nakatsu,Nakatsu,33.5983,131.1883,Japan,82875
Kimitsu,Kimitsu,35.3306,139.9025,Japan,82548
Kaneyama,Kaneyama,31.3833,130.85,Japan,82335
Ōmihachiman,Omihachiman,35.1283,136.0981,Japan,81322
Gamagōri,Gamagori,34.8264,137.2196,Japan,80091
Akiruno,Akiruno,35.7289,139.2942,Japan,80074
Iwamizawa,Iwamizawa,43.1961,141.7758,Japan,80753
Gyōda,Gyoda,36.1389,139.4558,Japan,79405
Hannō,Hanno,35.8558,139.3278,Japan,79891
Maizuru,Maizuru,35.45,135.3167,Japan,79886
Natori-shi,Natori-shi,38.1717,140.8919,Japan,78796
Mooka,Mooka,36.4403,140.0131,Japan,79109
Nikkō,Nikko,36.7198,139.6982,Japan,78768
Toyooka,Toyooka,35.5333,134.8167,Japan,78299
Tsubame,Tsubame,37.6667,138.9667,Japan,77307
Daisen,Daisen,39.4531,140.4756,Japan,77886
Toyomamachi-teraike,Toyomamachi-teraike,38.6919,141.1878,Japan,77795
Honjō,Honjo,36.2439,139.1903,Japan,77045
Ryūgasaki,Ryugasaki,35.9167,140.1833,Japan,76741
Fukuchiyama,Fukuchiyama,35.2967,135.1264,Japan,76677
Nakatsugawa,Nakatsugawa,35.4875,137.5006,Japan,76442
Sasagawa,Sasagawa,37.2867,140.3728,Japan,75822
Tatebayashi,Tatebayashi,36.245,139.5422,Japan,74520
Yurihonjō,Yurihonjo,39.3858,140.0489,Japan,75417
Tatsunochō-tominaga,Tatsunocho-tominaga,34.8581,134.5456,Japan,74892
Shibukawa,Shibukawa,36.4833,139,Japan,74425
Kasama,Kasama,36.345,140.3042,Japan,74334
Inuyama,Inuyama,35.3833,136.95,Japan,73541
Ōtawara,Otawara,36.8667,140.0167,Japan,73508
Ishioka,Ishioka,36.1833,140.2833,Japan,73110
Katori,Katori,35.8978,140.4992,Japan,73110
Uwajima,Uwajima,33.2233,132.5606,Japan,71586
Rittō,Ritto,35.0217,135.9981,Japan,69294
Tanabe,Tanabe,33.7333,135.3833,Japan,70410
Ōdate,Odate,40.2717,140.5647,Japan,70085
Sabae,Sabae,35.9567,136.1844,Japan,68533
Sōja,Soja,34.6728,133.7467,Japan,68172
Yachimata,Yachimata,35.6658,140.3183,Japan,67522
Kashima,Kashima,35.9658,140.645,Japan,67448
Saiki,Saiki,32.9603,131.8994,Japan,67931
Hashima,Hashima,35.3167,136.7,Japan,66573
Shiojiri,Shiojiri,36.1167,137.95,Japan,66737
Ina,Ina,35.8275,137.9539,Japan,66641
Kurihara,Kurihara,38.7303,141.0214,Japan,65313
Tamana,Tamana,32.9281,130.5597,Japan,64966
Asahi,Asahi,35.7203,140.6467,Japan,64302
Tsuruga,Tsuruga,35.6372,136.0806,Japan,64474
Fujioka,Fujioka,36.2667,139.0667,Japan,63556
Shiroi,Shiroi,35.7917,140.0564,Japan,61931
Nago,Nago,26.5917,127.9775,Japan,62725
Ogōshi,Ogoshi,32.8858,130.7897,Japan,61531
Tendō,Tendo,38.3622,140.3783,Japan,62032
Aisai,Aisai,35.15,136.7333,Japan,61234
Itoman,Itoman,26.1236,127.6658,Japan,60546
Hashimoto,Hashimoto,34.3167,135.6,Japan,60885
Ōwada,Owada,40.6128,141.2058,Japan,61058
Tahara,Tahara,34.6414,137.1831,Japan,60378
Koga,Koga,33.7333,130.4667,Japan,59111
Chichibu,Chichibu,35.9917,139.0856,Japan,60303
Shimotsuke,Shimotsuke,36.3872,139.8422,Japan,59370
Jōsō,Joso,36.0236,139.9939,Japan,59647
Shirakawa,Shirakawa,37.1264,140.2108,Japan,59730
Choshi,Choshi,35.7347,140.8267,Japan,59165
Date,Date,37.8189,140.5631,Japan,59441
Kokawa,Kokawa,34.2697,135.3625,Japan,59208
Tōgane,Togane,35.56,140.3661,Japan,58686
Kosai,Kosai,34.7186,137.5317,Japan,58423
Tokoname,Tokoname,34.8833,136.8333,Japan,57814
Ishikari,Ishikari,43.1783,141.3067,Japan,58277
Tama,Tama,34.4919,133.9458,Japan,57631
Murakami,Murakami,38.2239,139.4801,Japan,58096
Kan’onjichō,Kan'onjicho,34.1283,133.6628,Japan,57333
Minokamo,Minokamo,35.4333,137.0167,Japan,56804
Kudamatsu,Kudamatsu,34.015,131.8703,Japan,56634
Nōgata,Nogata,33.7439,130.7297,Japan,55937
Toki,Toki,35.3525,137.1833,Japan,56133
Narutochō-mitsuishi,Narutocho-mitsuishi,34.1667,134.6167,Japan,56007
Hidaka,Hidaka,35.9078,139.3392,Japan,55241
Annaka,Annaka,36.3264,138.8872,Japan,55578
Chino,Chino,35.9956,138.1589,Japan,55531
Sakurai,Sakurai,34.5189,135.8519,Japan,55005
Funato,Funato,34.2564,135.3111,Japan,53566
Hanyū,Hanyu,36.1728,139.5486,Japan,53870
Mutsu,Mutsu,41.2931,141.1831,Japan,54721
Minami-Sōma,Minami-Soma,37.6422,140.9572,Japan,53643
Imarichō-kō,Imaricho-ko,33.2647,129.8808,Japan,53483
Tomiya,Tomiya,38.4,140.8953,Japan,51889
Miyako,Miyako,39.6414,141.9572,Japan,52471
Bandō,Bando,36.0483,139.8889,Japan,51903
Satte,Satte,36.0781,139.7258,Japan,50767
Arao,Arao,32.9867,130.4333,Japan,51325
Sakaidechō,Sakaidecho,34.3164,133.8606,Japan,51196
Yūki,Yuki,36.3053,139.8775,Japan,50817
Tsukubamirai,Tsukubamirai,35.9631,140.0372,Japan,50870
Nichinan,Nichinan,31.6019,131.3789,Japan,51106
Miyoshi,Miyoshi,34.8058,132.8517,Japan,51049
Yasu,Yasu,35.0675,136.0258,Japan,50432
Noshiromachi,Noshiromachi,40.2122,140.0267,Japan,50842
Tōkamachi,Tokamachi,37.1275,138.7557,Japan,50754
Hikari,Hikari,33.9617,131.9422,Japan,49686
Tomisato,Tomisato,35.7267,140.3431,Japan,49868
Suzaka,Suzaka,36.6511,138.3069,Japan,49734
Yamaga,Yamaga,33.0167,130.6914,Japan,49783
Nomimachi,Nomimachi,36.4375,136.4961,Japan,49200
Sanmu,Sanmu,35.6028,140.4136,Japan,49300
Omitama,Omitama,36.2394,140.3525,Japan,49200
Shimotsuchō-kominami,Shimotsucho-kominami,34.1556,135.2092,Japan,48846
Suwa,Suwa,36.0392,138.1142,Japan,48695
Hitachi-ota,Hitachi-ota,36.5383,140.5311,Japan,48758
Ena,Ena,35.4494,137.4128,Japan,48777
Gosen,Gosen,37.75,139.1833,Japan,48360
Tonami,Tonami,36.65,136.9667,Japan,48116
Ami,Ami,36.0308,140.215,Japan,47755
Ishigaki,Ishigaki,24.3333,124.15,Japan,48132
Takeochō-takeo,Takeocho-takeo,33.1939,130.0192,Japan,48011
Higashine,Higashine,38.4314,140.3911,Japan,47920
Kikugawa,Kikugawa,34.7578,138.0842,Japan,47547
Tomioka,Tomioka,36.26,138.89,Japan,47648
Noboribetsu,Noboribetsu,42.4128,141.1067,Japan,47795
Kamiyoshida,Kamiyoshida,35.4875,138.8081,Japan,47211
Tamagawa,Tamagawa,33.6317,130.7997,Japan,46611
Kasaoka,Kasaoka,34.5072,133.5072,Japan,47097
Nakai,Nakai,33.5756,133.6414,Japan,46951
Shima,Shima,34.3283,136.8306,Japan,46937
Takashima,Takashima,35.3528,136.0356,Japan,47124
Kurayoshi,Kurayoshi,35.43,133.8256,Japan,46943
Kariya,Kariya,34.7889,134.3724,Japan,46347
Hokota,Hokota,36.1586,140.5164,Japan,46415
Shimeo,Shimeo,33.5914,130.4797,Japan,45918
Hokuto,Hokuto,41.8242,140.6531,Japan,46054
Tateyama,Tateyama,34.9967,139.87,Japan,45300
Sugito,Sugito,36.0256,139.7367,Japan,44202
Inabe,Inabe,35.1158,136.5614,Japan,45454
Hagi,Hagi,34.4078,131.3989,Japan,45435
Masuda,Masuda,34.675,131.8428,Japan,45291
Himi,Himi,36.85,136.9833,Japan,44874
Shinshiro,Shinshiro,34.9,137.5,Japan,44713
Taketoyo,Taketoyo,34.8514,136.915,Japan,43113
Makinohara,Makinohara,34.74,138.2247,Japan,44111
Otofuke,Otofuke,42.9942,143.1981,Japan,44377
Kobayashi,Kobayashi,31.9967,130.9728,Japan,44034
Shimabara,Shimabara,32.7756,130.3381,Japan,43553
Ogimachi,Ogimachi,33.2506,130.2017,Japan,43617
Futtsu,Futtsu,35.3042,139.8569,Japan,43213
Obita,Obita,32.8253,129.875,Japan,41630
Yuzawa,Yuzawa,39.1644,140.4958,Japan,42887
Nakano,Nakano,36.7419,138.3694,Japan,42390
Shimo-tsuma,Shimo-tsuma,36.1844,139.9675,Japan,41964
Nanbei,Nanbei,35.3206,139.1,Japan,41814
Kitaibaraki,Kitaibaraki,36.8019,140.7511,Japan,42122
Itoigawa,Itoigawa,37.0333,137.85,Japan,41325
Ōzu,Ozu,33.5064,132.5447,Japan,41201
Kasumigaura,Kasumigaura,36.1519,140.2372,Japan,40833
Komono,Komono,35.02,136.5075,Japan,40487
Gishi,Gishi,26.1911,127.7286,Japan,39835
Sasayama,Sasayama,35.0758,135.2192,Japan,40708
Aizawa,Aizawa,35.5289,139.3217,Japan,39381
Sagae,Sagae,38.3811,140.2761,Japan,40185
Kurobeshin,Kurobeshin,36.8667,137.45,Japan,40231
Takikawa,Takikawa,43.5578,141.9106,Japan,39960
Mibu,Mibu,36.4272,139.8039,Japan,39454
Inashiki,Inashiki,35.9567,140.3239,Japan,39854
Hitachiomiya,Hitachiomiya,36.5517,140.4119,Japan,39904
Sakuragawa,Sakuragawa,36.3272,140.0906,Japan,39692
Gujō,Gujo,35.7486,136.9644,Japan,39582
Higashimatsushima,Higashimatsushima,38.4264,141.2106,Japan,39138
Nishiwaki,Nishiwaki,34.9933,134.9694,Japan,39147
Ibara,Ibara,34.5978,133.4639,Japan,39172
Misawa,Misawa,40.6833,141.3689,Japan,38877
Umi,Umi,33.5678,130.5111,Japan,37609
Katsuragi,Katsuragi,34.4892,135.7267,Japan,37004
Fuchūchō,Fuchucho,34.5683,133.2364,Japan,37874
Maibara,Maibara,35.3153,136.2839,Japan,37850
Yasugichō,Yasugicho,35.4317,133.2508,Japan,37581
Komatsushimachō,Komatsushimacho,34.0047,134.5906,Japan,36689
Kannan,Kannan,35.0894,138.9453,Japan,36908
Mizunami,Mizunami,35.3619,137.2544,Japan,37164
Tsubata,Tsubata,36.6686,136.7283,Japan,36774
Kanada,Kanada,33.7761,130.9806,Japan,36280
Morohongō,Morohongo,35.9417,139.3161,Japan,35877
Atami,Atami,35.0961,139.0717,Japan,36089
Usuki,Usuki,33.1258,131.8047,Japan,36536
Minami-Bōsō,Minami-Boso,35.0433,139.8403,Japan,36412
Miyajima,Miyajima,33.1525,130.4747,Japan,36214
Rifu,Rifu,38.3303,140.9756,Japan,35597
Kamata,Kamata,33.5633,130.7117,Japan,35929
Iyo,Iyo,33.7575,132.7039,Japan,35508
Ōfunato,Ofunato,39.0822,141.7083,Japan,35535
Sōsa,Sosa,35.7078,140.5644,Japan,35186
Kahoku,Kahoku,36.72,136.7067,Japan,34792
Abashiri,Abashiri,44.0206,144.2736,Japan,35205
Uonuma,Uonuma,37.2333,138.9667,Japan,34895
Ōzu,Ozu,32.8789,130.8683,Japan,34571
Shōbara,Shobara,34.8578,133.0167,Japan,34432
Shingū,Shingu,33.7153,130.4467,Japan,32691
Kamaishi,Kamaishi,39.2758,141.8856,Japan,34118
Ōsawa,Osawa,33.2067,130.3839,Japan,33072
Sakaiminato,Sakaiminato,35.5397,133.2317,Japan,32837
Wakabadai,Wakabadai,45.4,141.7,Japan,33689
Kuji,Kuji,40.1903,141.7753,Japan,33556
Ōyama,Oyama,35.2719,139.5864,Japan,31683
Shiroishi,Shiroishi,38.0022,140.6197,Japan,33380
Kaizu,Kaizu,35.2206,136.6367,Japan,33178
Motosu,Motosu,35.4831,136.6786,Japan,33054
Ōiso,Oiso,35.3069,139.3114,Japan,31284
Yorii,Yorii,36.1183,139.1931,Japan,32576
Ōdachō-ōda,Odacho-oda,35.1922,132.4997,Japan,32848
Nagato,Nagato,34.3711,131.1822,Japan,32817
Zentsujichó,Zentsujicho,34.2283,133.7872,Japan,32073
Namegata,Namegata,35.9903,140.4892,Japan,32604
Yashiki,Yashiki,32.7914,130.8164,Japan,32218
Shimotoba,Shimotoba,34.8839,135.6628,Japan,30797
Shimizuchō,Shimizucho,35.0992,138.9028,Japan,31974
Kuroishi,Kuroishi,40.6428,140.5944,Japan,32376
Tawaramoto,Tawaramoto,34.5567,135.795,Japan,31028
Yawatahama-shi,Yawatahama-shi,33.4631,132.4233,Japan,32238
Komagane,Komagane,35.7289,137.9339,Japan,32197
Maebara,Maebara,35.1142,140.0989,Japan,32196
Ayabe,Ayabe,35.2989,135.2586,Japan,32164
Katagami,Katagami,39.8833,139.9889,Japan,31923
Shima,Shima,39.5547,141.1678,Japan,31969
Yaita,Yaita,36.8067,139.9242,Japan,31617
Omaezaki,Omaezaki,34.6381,138.1281,Japan,31262
Sasaguri,Sasaguri,33.6156,130.5511,Japan,30886
Kanzakimachi-kanzaki,Kanzakimachi-kanzaki,33.3108,130.3731,Japan,31365
Kaminokawa,Kaminokawa,36.4392,139.91,Japan,30964
Yunoshima,Yunoshima,35.8058,137.2442,Japan,31316
Ōno,Ono,35.9806,136.4875,Japan,31264
Masaki,Masaki,33.7875,132.7114,Japan,29832
Tsuruno,Tsuruno,40.8089,140.38,Japan,31089
Hirakawachō,Hirakawacho,40.5842,140.5664,Japan,30822
Motomiya,Motomiya,37.5133,140.3939,Japan,30546
Togitsu,Togitsu,32.8289,129.8486,Japan,29375
Matsubushi,Matsubushi,35.9258,139.8153,Japan,28953
Yoshinaga,Yoshinaga,34.7708,138.2519,Japan,28899
Sue,Sue,33.5872,130.5072,Japan,28377
Nirasaki,Nirasaki,35.7089,138.4464,Japan,29576
Hanawa,Hanawa,40.2158,140.7883,Japan,29727
Hirado,Hirado,33.3681,129.5539,Japan,29577
Ogawa,Ogawa,36.0567,139.2619,Japan,29137
Izu,Izu,34.9767,138.9469,Japan,29262
Oyabe,Oyabe,36.6833,136.8667,Japan,29081
Aioi,Aioi,34.8036,134.4681,Japan,28971
Kakuda,Kakuda,37.9772,140.7819,Japan,28623
Tainai,Tainai,38.0667,139.4167,Japan,28610
Ōuda-yamaguchi,Ouda-yamaguchi,34.5278,135.9525,Japan,28568
Obama,Obama,35.4956,135.7467,Japan,28538
Gojō,Gojo,34.3528,135.6989,Japan,28519
Kitsuki,Kitsuki,33.4169,131.6161,Japan,28476
Niimi,Niimi,34.9772,133.4703,Japan,28327
Hiji,Hiji,33.3694,131.5325,Japan,27947
Honchō,Honcho,41.8958,140.6944,Japan,28080
Itako,Itako,35.9472,140.5553,Japan,27807
Takahagi,Takahagi,36.7136,140.7097,Japan,27863
Awara,Awara,36.2114,136.2289,Japan,27577
Miyanaga,Miyanaga,33.7236,130.6667,Japan,27182
Tarui,Tarui,35.3703,136.5269,Japan,26896
Shingū,Shingu,33.7167,136,Japan,27214
Ōtake,Otake,34.2381,132.2222,Japan,26796
Saikaichō-kobagō,Saikaicho-kobago,32.9331,129.6431,Japan,26777
Sarubetsu,Sarubetsu,42.9083,143.3561,Japan,26637
Kunisakimachi-tsurugawa,Kunisakimachi-tsurugawa,33.5653,131.7317,Japan,26549
Ureshinomachi-shimojuku,Ureshinomachi-shimojuku,33.1278,130.06,Japan,26349
Ōmachi,Omachi,36.5,137.85,Japan,26435
Kamo,Kamo,37.6667,139.0333,Japan,25855
Yamagata,Yamagata,35.5061,136.7814,Japan,25919
Tōno,Tono,39.3275,141.5336,Japan,25974
Ishii,Ishii,34.0747,134.4406,Japan,25066
Oga,Oga,39.8867,139.8478,Japan,25634
Kose,Kose,34.4633,135.7403,Japan,24965
Senboku,Senboku,39.7,140.7306,Japan,25305
Nasukarasuyama,Nasukarasuyama,36.6569,140.1517,Japan,25144
Sakai,Sakai,36.1086,139.795,Japan,24098
Wajimazakimachi,Wajimazakimachi,37.3906,136.8992,Japan,24851
Takehara,Takehara,34.3417,132.9069,Japan,24496
Nyūzen,Nyuzen,36.9333,137.5,Japan,24160
Hachimantai,Hachimantai,39.9264,141.0953,Japan,24412
Gobō,Gobo,33.8914,135.1525,Japan,23246
Nikaho,Nikaho,39.2031,139.9078,Japan,23602
Gōtsuchō,Gotsucho,34.9809,132.2949,Japan,23372
Nakashunbetsu,Nakashunbetsu,43.5553,144.9714,Japan,23353
Ōtsuki,Otsuki,35.6106,138.94,Japan,23128
Uenohara,Uenohara,35.6303,139.1086,Japan,23052
Furukawa,Furukawa,36.2383,137.1861,Japan,23030
Murayama,Murayama,38.4833,140.3833,Japan,22905
Yokoshiba,Yokoshiba,35.6656,140.5042,Japan,22585
Takahata,Takahata,38.0025,140.1911,Japan,22709
Honmachi,Honmachi,36.0608,136.5006,Japan,22561
Yabu,Yabu,35.4047,134.7675,Japan,22358
Mashiko,Mashiko,36.4675,140.0931,Japan,22116
Fukuyoshi,Fukuyoshi,33.6833,130.78,Japan,21641
Mobetsu,Mobetsu,44.3564,143.3542,Japan,21709
Furano,Furano,43.3419,142.3833,Japan,21630
Shisui,Shisui,35.725,140.2694,Japan,20470
Ino,Ino,33.5486,133.4278,Japan,21223
Bibai,Bibai,43.3329,141.8538,Japan,21168
Shimogamo,Shimogamo,34.6794,138.9453,Japan,21015
Susaki,Susaki,33.4008,133.2831,Japan,21025
Rumoi,Rumoi,43.9411,141.6369,Japan,20841
Tobe,Tobe,33.7492,132.7922,Japan,20653
Hakui,Hakui,36.8936,136.7789,Japan,20515
Takanabe,Takanabe,32.1283,131.5033,Japan,20185
Shirahama,Shirahama,33.6781,135.3481,Japan,20470
Fukagawa,Fukagawa,43.7233,142.0536,Japan,20526
Kitatajima,Kitatajima,35.9814,139.4817,Japan,19758
Tamagawa,Tamagawa,36.0661,139.3608,Japan,19515
Iiyama,Iiyama,36.8517,138.3656,Japan,19800
Kamiichi,Kamiichi,36.7,137.3667,Japan,19805
Gōdo,Godo,35.4175,136.6086,Japan,18812
Mino,Mino,35.5447,136.9075,Japan,19610
Mukaiengaru,Mukaiengaru,44.0617,143.5281,Japan,19751
Sukumo,Sukumo,32.9389,132.7261,Japan,19532
Shimomura,Shimomura,36.0697,138.0803,Japan,19224
Karuizawa,Karuizawa,36.3483,138.5969,Japan,19234
Motomachi,Motomachi,43.8236,144.1072,Japan,19300
Miyatoko,Miyatoko,33.6992,130.9206,Japan,18934
Tatsuno,Tatsuno,35.9825,137.9875,Japan,18878
Yoichi,Yoichi,43.1953,140.7836,Japan,18637
Minamishibetsuchō,Minamishibetsucho,44.1153,142.5406,Japan,18652
Oyama,Oyama,35.3667,138.9833,Japan,18491
Rikuzen-Takata,Rikuzen-Takata,39.0153,141.6294,Japan,18500
Memuro-minami,Memuro-minami,42.9119,143.0508,Japan,18497
Kamigotō,Kamigoto,32.9844,129.0733,Japan,18008
Toba,Toba,34.4813,136.8434,Japan,17907
Kishi,Kishi,35.3364,139.1233,Japan,18010
Mitake,Mitake,35.4344,137.1308,Japan,17608
Mori,Mori,34.8356,137.9272,Japan,17709
Kadogawa,Kadogawa,32.4697,131.6489,Japan,17526
Katsuura,Katsuura,35.1525,140.3211,Japan,17324
Tsuiki,Tsuiki,33.6561,131.0561,Japan,17356
Kushima,Kushima,31.4645,131.2284,Japan,17363
Yabuki,Yabuki,37.2011,140.3386,Japan,16969
Miyazu,Miyazu,35.5356,135.1956,Japan,17044
Sunagawa,Sunagawa,43.4948,141.9035,Japan,16878
Shiraoi,Shiraoi,42.5511,141.3558,Japan,16694
Ishinari,Ishinari,33.3211,130.3989,Japan,16328
Ōarai,Oarai,36.3133,140.575,Japan,15992
Mifune,Mifune,32.7144,130.8019,Japan,16417
Sumiyama,Sumiyama,34.8814,135.7328,Japan,15399
Tsukumiura,Tsukumiura,33.0725,131.8611,Japan,16291
Aki,Aki,33.5025,133.9072,Japan,16424
Kasumi,Kasumi,35.6322,134.6292,Japan,16321
Nagasu,Nagasu,32.9297,130.4528,Japan,15487
Ishikida,Ishikida,32.2989,130.4931,Japan,16189
Daigo,Daigo,36.7667,140.35,Japan,16142
Kumano,Kumano,33.8833,136.1,Japan,16140
Kasagi,Kasagi,34.2964,135.5042,Japan,15961
Shizukuishi,Shizukuishi,39.6942,140.9844,Japan,15998
Sayō,Sayo,35.0042,134.3558,Japan,15958
Tachiarai,Tachiarai,33.3725,130.6225,Japan,15274
Tōbetsu,Tobetsu,43.2239,141.5172,Japan,15895
Wakuya,Wakuya,38.5447,141.1347,Japan,15677
Kawasaki,Kawasaki,33.6,130.8153,Japan,15370
Daisen,Daisen,35.5108,133.4961,Japan,15690
Nakanojōmachi,Nakanojomachi,36.59,138.8411,Japan,15585
Uchiko,Uchiko,33.5331,132.6581,Japan,15565
Moritake,Moritake,40.1017,140.005,Japan,15534
Kawaminami,Kawaminami,32.1919,131.5258,Japan,15372
Kanegasaki,Kanegasaki,39.1956,141.1161,Japan,15410
Ōshima,Oshima,33.9275,132.1953,Japan,15369
Obanazawa,Obanazawa,38.6008,140.4058,Japan,15332
Kushimoto,Kushimoto,33.4725,135.7814,Japan,15093
Kutchan,Kutchan,42.9017,140.7592,Japan,15132
Fujisaki,Fujisaki,40.6561,140.5025,Japan,14742
Nishinoomote,Nishinoomote,30.7325,130.9975,Japan,14980
Tabuse,Tabuse,33.9547,132.0414,Japan,14753
Betsukai,Betsukai,43.3942,145.1175,Japan,15018
Ichikawadaimon,Ichikawadaimon,35.5653,138.5022,Japan,14770
Yamada,Yamada,39.4675,141.9489,Japan,14691
Shichinohe,Shichinohe,40.7447,141.1578,Japan,14681
Tsukawaki,Tsukawaki,33.2833,131.1514,Japan,14673
Ashiya,Ashiya,33.8939,130.6639,Japan,13547
Kawaii,Kawaii,38.0044,140.0458,Japan,14582
Sakaki,Sakaki,36.4619,138.1803,Japan,14310
Kisanuki,Kisanuki,31.3447,130.9453,Japan,14495
Kadena,Kadena,26.3617,127.7553,Japan,13471
Furukawamen,Furukawamen,33.2383,129.6506,Japan,13826
Kamigōri,Kamigori,34.8736,134.3561,Japan,14146
Tako,Tako,35.7356,140.4678,Japan,14021
Taishi,Taishi,34.5186,135.6481,Japan,13213
Yamanobe,Yamanobe,38.2892,140.2625,Japan,13840
Hayashima,Hayashima,34.6006,133.8283,Japan,12409
Wake,Wake,34.8028,134.1575,Japan,13690
Matsushima,Matsushima,38.3814,141.0692,Japan,13468
Yakage,Yakage,34.6278,133.5872,Japan,13549
Tanagura,Tanagura,37.0297,140.3797,Japan,13551
Sashinami,Sashinami,40.4525,141.6211,Japan,13476
Hamajō,Hamajo,34.3414,132.5139,Japan,12762
Itayanagi,Itayanagi,40.6961,140.4575,Japan,13064
Yuza,Yuza,39.0147,139.9075,Japan,13250
Ashibetsu,Ashibetsu,43.5183,142.1894,Japan,13291
Tonoshō,Tonosho,34.4805,134.1702,Japan,13078
Nobeji,Nobeji,40.8644,141.1286,Japan,12728
Marumori,Marumori,37.9114,140.7656,Japan,12823
Tsuruta,Tsuruta,40.7589,140.4286,Japan,12569
Kasaishi,Kasaishi,37.2528,140.3436,Japan,12266
Sakawa,Sakawa,33.5008,133.2867,Japan,12402
Hirao,Hirao,33.9381,132.0733,Japan,12095
Ōsako,Osako,31.4292,131.0058,Japan,12299
Ichinomiya,Ichinomiya,35.3728,140.3689,Japan,11780
Motegi,Motegi,36.5167,140.1833,Japan,12046
Sakamoto,Sakamoto,37.9625,140.8778,Japan,11890
Muroto-misakicho,Muroto-misakicho,33.29,134.1519,Japan,11996
Mitai,Mitai,32.7117,131.3078,Japan,11959
Minabe,Minabe,33.7725,135.3217,Japan,11886
Yuasa,Yuasa,34.0331,135.1786,Japan,11340
Ichinohe,Ichinohe,40.2131,141.2953,Japan,11708
Kuriyama,Kuriyama,43.0564,141.7842,Japan,11687
Honmachi,Honmachi,43.9114,144.6708,Japan,11571
Kin,Kin,26.4561,127.9261,Japan,11270
Hikawadai,Hikawadai,32.5825,130.6736,Japan,11278
Ogose,Ogose,35.9644,139.2942,Japan,11098
Hakone,Hakone,35.2325,139.1069,Japan,11169
Miyato,Miyato,36.1833,139.183,Japan,10909
Matsuda-sōryō,Matsuda-soryo,35.3483,139.1394,Japan,10884
Ogano,Ogano,36.0172,139.0086,Japan,11078
Ōtsuchi,Otsuchi,39.3597,141.9064,Japan,11046
Iwai,Iwai,35.5758,134.3319,Japan,10919
Obuse,Obuse,36.6978,138.3122,Japan,10454
Murata,Murata,38.1186,140.7225,Japan,10858
Minobu,Minobu,35.4675,138.4425,Japan,10956
Nakayama,Nakayama,38.3333,140.2831,Japan,10800
Naganuma,Naganuma,43.0103,141.6953,Japan,10709
Kami-furano,Kami-furano,43.4556,142.4672,Japan,10709
Nishi-kagura,Nishi-kagura,43.6964,142.4517,Japan,10276
Takahama,Takahama,35.4903,135.5511,Japan,10282
Yaotsu,Yaotsu,35.4761,137.1417,Japan,10321
Hiranai,Hiranai,40.9261,140.9561,Japan,10337
Iwashita,Iwashita,32.6514,130.8117,Japan,10152
Kawara,Kawara,33.6681,130.8472,Japan,10099
Nishi,Nishi,32.2011,130.8411,Japan,10155
Kami-kawabe,Kami-kawabe,35.4867,137.0706,Japan,9902
Tsunō,Tsuno,32.2567,131.5597,Japan,10028
Akabira,Akabira,43.5581,142.0442,Japan,9971
Biei,Biei,43.5883,142.4669,Japan,9948
Yashima,Yashima,32.74,130.7572,Japan,9371
Kawanishichō,Kawanishicho,34.5844,135.7742,Japan,8442
Sakai,Sakai,35.3308,139.2189,Japan,9368
Yamakita,Yamakita,35.3606,139.0839,Japan,9702
Minano,Minano,36.0708,139.0989,Japan,9569
Ita,Ita,33.6528,130.7792,Japan,8598
Ikeda,Ikeda,36.4214,137.8747,Japan,9417
Nagaoki,Nagaoki,32.9781,130.6058,Japan,9347
Shimizu,Shimizu,43.0111,142.8847,Japan,9375
Torihama,Torihama,35.6006,135.9406,Japan,9230
Sekimachi,Sekimachi,33.0617,130.5414,Japan,9100
Iijima,Iijima,35.6764,137.9194,Japan,9104
Hirayama,Hirayama,33.6467,130.5,Japan,8902
Ōtaki,Otaki,35.285,140.2456,Japan,9049
Soeda,Soeda,33.5717,130.8542,Japan,9049
Taragi,Taragi,32.2642,130.9358,Japan,9055
Iwaizumi,Iwaizumi,39.8431,141.7967,Japan,8949
Ōwani,Owani,40.5183,140.5678,Japan,8832
Takaharu,Takaharu,31.9283,131.0078,Japan,8709
Tōya,Toya,42.5514,140.7644,Japan,8742
Nishiōwa,Nishiowa,36.022,139.6543,Japan,6731
Ikata-chō,Ikata-cho,33.4883,132.3542,Japan,8540
Karumai,Karumai,40.3267,141.4606,Japan,8536
Hanawa,Hanawa,36.9572,140.4097,Japan,8401
Mikasa,Mikasa,43.2458,141.8756,Japan,8366
Higashi-asahikawa,Higashi-asahikawa,43.6989,142.51,Japan,8310
Miyake-naka,Miyake-naka,34.5736,135.7731,Japan,6604
Tara,Tara,33.0194,130.1792,Japan,8119
Ide,Ide,34.7986,135.8033,Japan,7553
Yuzawa,Yuzawa,36.934,138.8174,Japan,7907
Yūbari,Yubari,43.0569,141.9739,Japan,7908
Abira,Abira,42.7628,141.8181,Japan,7825
Manazuru,Manazuru,35.1583,139.1372,Japan,6843
Setana,Setana,42.4169,139.8833,Japan,7792
Shiranuka,Shiranuka,42.9561,144.0717,Japan,7751
Nakata,Nakata,30.5331,130.9586,Japan,7702
Kotake,Kotake,33.6925,130.7128,Japan,7232
Inami,Inami,33.8183,135.2181,Japan,7626
Chōnan,Chonan,35.3867,140.2372,Japan,7563
Esashi,Esashi,41.8694,140.1275,Japan,7525
Shibecha,Shibecha,43.3033,144.6008,Japan,7542
Fukaura,Fukaura,40.6481,139.9278,Japan,7529
Tateishi,Tateishi,38.9867,141.1142,Japan,7389
Naka,Naka,33.8574,134.4966,Japan,7476
Nambu,Nambu,35.2425,138.4861,Japan,7341
Taga,Taga,35.2219,136.2922,Japan,7291
Shinmachi,Shinmachi,35.1917,140.3486,Japan,6970
Shibayama,Shibayama,35.6931,140.4142,Japan,7082
Teshikaga,Teshikaga,43.4853,144.4592,Japan,7145
Ogunimachi,Ogunimachi,38.0614,139.7433,Japan,7142
Aya,Aya,31.9992,131.2531,Japan,7023
Fukuyama,Fukuyama,41.43,140.1106,Japan,7032
Nagatoro,Nagatoro,36.11,139.11,Japan,6809
Nagaya,Nagaya,35.4308,140.2269,Japan,6886
Sekigahara,Sekigahara,35.3653,136.4672,Japan,6848
Kamihonbetsu,Kamihonbetsu,43.1244,143.6106,Japan,6948
Kamitakeshi,Kamitakeshi,36.2719,138.3161,Japan,6847
Kōchi,Kochi,34.7572,138.9875,Japan,6874
Waki,Waki,34.2022,132.2203,Japan,6238
Ashoro,Ashoro,43.2447,143.5542,Japan,6822
Shikama,Shikama,38.5489,140.85,Japan,6745
Ōmachi,Omachi,33.2139,130.1161,Japan,6261
Ōishida,Oishida,38.5939,140.3728,Japan,6713
Hiroo,Hiroo,42.2861,143.3117,Japan,6694
Shimonita,Shimonita,36.2125,138.7892,Japan,6611
Isen,Isen,27.6736,128.9375,Japan,6476
Chizu,Chizu,35.265,134.2267,Japan,6520
Wadomari,Wadomari,27.3922,128.6553,Japan,6364
Yoshinoyama,Yoshinoyama,34.4,135.85,Japan,6412
Tōma,Toma,43.8281,142.5083,Japan,6441
Higashikyōshin,Higashikyoshin,31.3858,130.9733,Japan,6226
Kusatsu,Kusatsu,36.6206,138.5961,Japan,6232
Asakawa,Asakawa,37.0808,140.4128,Japan,6146
Matsuzaki,Matsuzaki,34.7531,138.7789,Japan,6200
Kōzaki,Kozaki,35.9017,140.4053,Japan,5827
Shihoro,Shihoro,43.1683,143.2411,Japan,6078
Shintoku,Shintoku,43.0797,142.8389,Japan,5992
Takamori,Takamori,32.8272,131.1219,Japan,5895
China,China,27.3336,128.5736,Japan,5791
Onagawa,Onagawa,38.4456,141.4444,Japan,5822
Hamanaka-sakuraminami,Hamanaka-sakuraminami,43.0772,145.1294,Japan,5789
Tatsugō,Tatsugo,28.4131,129.5894,Japan,5728
Hachirougata,Hachirougata,39.9494,140.0733,Japan,5636
Kuzumaki,Kuzumaki,40.0397,141.4364,Japan,5671
Amagi,Amagi,27.8092,128.8978,Japan,5608
Taiki,Taiki,42.4975,143.2789,Japan,5527
Takae,Takae,42.3625,142.3186,Japan,5513
Oura,Oura,33.9594,135.1183,Japan,5321
Naie,Naie,43.4253,141.8828,Japan,5362
Ochi,Ochi,33.5328,133.2519,Japan,5324
Oshamambe,Oshamambe,42.5136,140.3804,Japan,5329
Chabana,Chabana,27.0486,128.4147,Japan,5032
Shibetsu,Shibetsu,43.6614,145.1314,Japan,5259
Kaneyama,Kaneyama,38.8833,140.3394,Japan,5225
Naganohara,Naganohara,36.5522,138.6375,Japan,5190
Imagane,Imagane,42.4294,140.0086,Japan,5218
Funagata,Funagata,38.6917,140.32,Japan,5143
Eidaichō,Eidaicho,44.0178,143.7747,Japan,5151
Yuni,Yuni,42.9994,141.7903,Japan,5087
Nisekoan,Nisekoan,42.8047,140.6875,Japan,5049
Takko,Takko,40.34,141.1519,Japan,5008
